{"cameraMode":{"drawMode":0,"name":"Shaded","section":"Shading Mode"},"sceneLighting":false,"audioPlay":false,"sceneViewState":{"m_AlwaysRefresh":false,"showFog":true,"showSkybox":false,"showFlares":true,"showImageEffects":true,"showParticleSystems":true,"showVisualEffectGraphs":true,"m_FxEnabled":true},"in2DMode":false,"pivot":{"x":-8.939141273498536,"y":0.25098568201065066,"z":0.13716745376586915},"rotation":{"x":-0.12870822846889497,"y":0.8311254978179932,"z":-0.2155969738960266,"w":-0.4961686432361603},"size":3.0263383388519289,"orthographic":false}